{"cameraMode":{"drawMode":0,"name":"Shaded","section":"Shading Mode"},"sceneLighting":false,"audioPlay":false,"sceneViewState":{"showFog":true,"showMaterialUpdate":false,"showSkybox":true,"showFlares":true,"showImageEffects":true,"showParticleSystems":true},"in2DMode":false,"pivot":{"x":1.8308963775634766,"y":-0.00001430511474609375,"z":-0.5831756591796875},"rotation":{"x":0.20262561738491059,"y":0.17199862003326417,"z":-0.03617733344435692,"w":0.9633538126945496},"size":15.740302085876465,"orthographic":false}