{"cameraMode":{"drawMode":0,"name":"Shaded","section":"Shading Mode"},"sceneLighting":false,"audioPlay":false,"sceneViewState":{"showFog":true,"showMaterialUpdate":false,"showSkybox":true,"showFlares":true,"showImageEffects":true,"showParticleSystems":true},"in2DMode":false,"pivot":{"x":-0.3928794860839844,"y":6.853110313415527,"z":0.46809935569763186},"rotation":{"x":0.29145070910453799,"y":-0.02009062096476555,"z":0.0061225127428770069,"w":0.9563553333282471},"size":27.29660415649414,"orthographic":false}