{"cameraMode":{"drawMode":0,"name":"Shaded","section":"Shading Mode"},"sceneLighting":false,"audioPlay":false,"sceneViewState":{"showFog":true,"showMaterialUpdate":false,"showSkybox":true,"showFlares":true,"showImageEffects":true,"showParticleSystems":true},"in2DMode":false,"pivot":{"x":1.8168811798095704,"y":7.118485450744629,"z":1.0552911758422852},"rotation":{"x":0.29145070910453799,"y":-0.02009062096476555,"z":0.0061225127428770069,"w":0.9563553333282471},"size":52.80605697631836,"orthographic":false}